MXL64933R8,
25L5C93,
MXL6492XH7,
25D5C93,
MXL7241F7C,
MXL64933MC,
MXL6492XDH,
2UA73723KY,
MXL6492XJC,
MXL7241FB6,
MXL6492XF5,
2UA73723F7,
MXL7241F90,
MXL64933NQ,
MXL7242MYT,
MXL7242MY8,
33D5C93,
MXL64933Q4,
MXL64933QB,
82L5C93,
MXL6492MV7,
MXL64933MS,
MXL6492RH6,
MXL6492MS9,
MXL6492MTB,
MXL6492S8P,
MXL6492S97,
MXL7241F9B,
H595C93,
2UA73723KB,
4J85C93,
MXL6492RGW,
JR9FL33,
MXL6492S7Z,
MXL64933MF,
71L5C93,
MXL7241F7B,
52D5C93,
MXL64933PP,
22D5C93,
MXL6492S6R,
MXL64933PY,
9K85C93,
MXL6492XFR,
MXL7242MXR,
MXL6492RKY,
2UA6512Y74,
MXL6492XC6,
MXL7241F7F,
MXL70411SC,
GF85C93,
MXL6492RDN,
MXL7241FCS,
MXL6492XFP,
MXL7040XK4,
MXL7242MVY,
MXL7241F8D,
B195C93,
MXL7281LLH,
MXL6492RJ0,
MXL7241F7R,
MXL6492S7S,
MXL6492RCH,
MXL6492MWF,
MXL7242MWX,
MXL64933R7,
MXL6492XFL,
MXL6492X9B,
MXL6492XC4,
MXL70411T1,
MXL70411SS,
MXL70411TR,
MXL7040X9F,
MXL6492XF8,
MXL7281LHF,
MXL64933Q0,
MXL6492S8N,
MXL7241FB8,
MXL6492S46,
MXL6492S3F,
MXL6492S3B,
MXL6492YW5,
MXL6492V6Y,
MXL6492XGC,
MXL6492XFT,
MXL7241FB4,
MXL64933NL,
2UA73723HT,
8595C93,
95L5C93,
6495C93,
MXL6492SC0,
JM9FL33,
MXL6492MQV,
MXL7281LN5,
1YF4L33,
2TK95008GK,
2UA73723HN,
