MXL33725Q2,
MXL7241F9S,
2UA73723GM,
MXL7242MXC,
MXL7242N1X,
MXL6492MQN,
MXL64933PW,
MXL7242MXL,
MXL6492XF3,
MXL7241F96,
SMJ04N7TJ,
2UA73723KJ,
MXL7040XJS,
GRF4L33,
MXL7242MYC,
MXL7241F7P,
MXL7241F7M,
MXL7241F7D,
2UA73723JZ,
MXL7040XHQ,
MXL6492MQ3,
FC85C93,
MXL7242MXW ,
2UA73723JX,
2UA73723JY,
MXL6492XJX,
MXL6492S64,
2UA73723K4,
HML5C93,
MXL6492SBY,
MXL6492XDQ,
MXL6492MR3,
MXL64933N5,
MXL7241F80,
MXL7241F7S,
MXL7241F79,
2UA7301B9Y,
MXL7040XJZ,
MXL6492S4B,
20L5C93,
MXL7040XJW,
SMJ04N7T8,
MXL7241F7V,
MXL7242MXN,
MXL6492XDR,
HWK4L33,
53L4L33,
11L5C93,
MXL6492MT9,
MXL7040X93,
MXL931175D,
B885C93,
